{"avg_rewards": [342.7368421052632, 335.8481012658228, 354.68, 369.32, 390.88, 387.2, 403.16, 414.4, 448.24, 529.4, 598.84, 704.92, 773.4, 832.28, 887.32, 957.36, 1032.76, 1131.04, 1192.08, 1218.96, 1340.96, 1395.96, 1368.52, 1424.36, 1321.0, 1334.28, 1364.08, 1406.2, 1416.8, 1428.24, 1409.96, 1324.56, 1311.72, 1332.28, 1359.92, 1354.2, 1300.0, 1295.9, 1350.56, 1344.36, 1337.3, 1351.24, 1323.96, 1375.44, 1353.52, 1328.76, 1318.64, 1297.36, 1289.56, 1307.12, 1306.36, 1378.48, 1394.08, 1381.52, 1355.68, 1234.96, 1267.08, 1284.0, 1360.8, 1329.72, 1339.56, 1325.2, 1279.84, 1267.88, 1245.52, 1245.28, 1324.28, 1302.2, 1339.08, 1335.36, 1300.48, 1269.92, 1263.52, 1256.56, 1287.0, 1224.36, 1172.6, 1168.2, 1131.96, 1201.72, 1231.76, 1262.04, 1262.24, 1256.4, 1254.6, 1278.0, 1288.48, 1311.88, 1332.64, 1311.44, 1298.4, 1283.08, 1268.16, 1264.08, 1229.76, 1221.76, 1210.08, 1228.32, 1242.88, 1269.56, 1277.4, 1308.8, 1247.8, 1229.88, 1217.36, 1215.4, 1243.16, 1238.36, 1252.8, 1209.0, 1223.12, 1261.8, 1285.28, 1290.24, 1252.28, 1261.44, 1186.28, 1207.64, 1216.2, 1263.64, 1253.4, 1234.88, 1260.24, 1253.16, 1266.52, 1257.96, 1261.08, 1279.2, 1290.68, 1293.56, 1278.92, 1277.08, 1310.56, 1335.8, 1330.16, 1282.64, 1280.2, 1288.36, 1299.2, 1299.04, 1303.96, 1342.32, 1332.68, 1310.52, 1298.56, 1251.52, 1274.72, 1273.84, 1376.76, 1368.6, 1377.48, 1369.52, 1380.68, 1355.72, 1317.32, 1272.0, 1265.68, 1274.4, 1261.2, 1270.88, 1253.92, 1246.88, 1211.84, 1224.36, 1237.08, 1252.48, 1276.96, 1279.68, 1277.28, 1237.68, 1225.36, 1217.32, 1221.28, 1236.28, 1234.04, 1216.36, 1257.84, 1275.88, 1338.36, 1336.08, 1326.56, 1283.52, 1259.92, 1243.32, 1248.6, 1247.92, 1287.32, 1325.04, 1319.68, 1306.84, 1312.52, 1294.36, 1313.32, 1274.4, 1277.2, 1255.04, 1252.08, 1249.36, 1239.72, 1289.64], "avg_max_qs": [0.3373853266239166, 0.5826296806335449, 0.8117721080780029, 1.0893620252609253, 1.3087462186813354, 1.5807605981826782, 1.7539305686950684, 2.0492959022521973, 2.574002504348755, 2.965562582015991, 3.532796621322632, 4.345826148986816, 5.0314788818359375, 5.708268642425537, 7.210179328918457, 8.880037307739258, 10.991117477416992, 13.111416816711426, 15.327842712402344, 18.127269744873047, 20.621793746948242, 23.418363571166992, 26.492935180664062, 29.978899002075195, 34.407875061035156, 37.844024658203125, 42.03318786621094, 45.558204650878906, 48.85020065307617, 53.2667121887207, 57.2140998840332, 61.97288513183594, 65.83089447021484, 68.6159896850586, 71.91664123535156, 74.3563461303711, 78.38001251220703, 79.0735855102539, 81.01148986816406, 84.94828796386719, 86.54862976074219, 89.24069213867188, 92.16719055175781, 93.79415130615234, 95.22089385986328, 97.31727600097656, 99.76478576660156, 102.95525360107422, 103.90422821044922, 104.83094024658203, 103.96224975585938, 104.4029769897461, 104.62681579589844, 108.96525573730469, 112.02608489990234, 112.63577270507812, 115.47083282470703, 116.40166473388672, 119.61830139160156, 120.17190551757812, 121.93596649169922, 121.53461456298828, 121.69742584228516, 121.8876953125, 120.76012420654297, 121.25129699707031, 121.6928482055664, 121.4551773071289, 120.69757080078125, 119.44956970214844, 119.06088256835938, 120.59100341796875, 121.01776885986328, 120.88958740234375, 119.61892700195312, 120.91996002197266, 117.7138671875, 119.10149383544922, 120.06729888916016, 121.19078826904297, 122.73017883300781, 122.19947814941406, 120.65231323242188, 122.22541046142578, 123.16970825195312, 124.13792419433594, 126.1377944946289, 125.01062774658203, 125.5781021118164, 124.8239974975586, 125.4306869506836, 126.49036407470703, 126.53077697753906, 126.38541412353516, 127.80347442626953, 127.8431396484375, 130.0910186767578, 130.13136291503906, 129.36827087402344, 130.1294403076172, 131.42019653320312, 131.2859344482422, 130.76138305664062, 128.810546875, 130.32745361328125, 128.5236053466797, 129.24424743652344, 131.19775390625, 133.92079162597656, 133.20333862304688, 133.3189697265625, 132.4336700439453, 135.41976928710938, 135.2012939453125, 136.22207641601562, 135.56158447265625, 135.3809051513672, 133.852783203125, 132.1324462890625, 133.4969940185547, 132.50294494628906, 133.2480926513672, 134.049072265625, 134.27182006835938, 134.8216552734375, 134.9862823486328, 135.1977081298828, 135.38406372070312, 136.29949951171875, 136.5541229248047, 138.14768981933594, 140.07826232910156, 138.6390380859375, 140.4940643310547, 139.95892333984375, 139.5535125732422, 139.34323120117188, 139.20297241210938, 140.41598510742188, 141.41769409179688, 142.1519775390625, 142.9208526611328, 144.77716064453125, 144.9530487060547, 143.31207275390625, 141.70700073242188, 142.0531005859375, 141.28770446777344, 141.89553833007812, 141.2077178955078, 141.06494140625, 142.58822631835938, 144.23101806640625, 144.6378173828125, 144.35891723632812, 143.7076416015625, 142.5166778564453, 143.24217224121094, 142.62847900390625, 143.1317901611328, 142.24383544921875, 143.26817321777344, 143.30587768554688, 143.18275451660156, 142.82763671875, 142.4561004638672, 141.54949951171875, 141.15316772460938, 141.51638793945312, 139.59268188476562, 139.33900451660156, 139.61668395996094, 138.0303192138672, 138.3820037841797, 136.2785186767578, 138.0373992919922, 139.65904235839844, 139.89151000976562, 140.2571563720703, 139.9904327392578, 139.04403686523438, 139.71607971191406, 138.78135681152344, 138.07589721679688, 137.762451171875, 138.20298767089844, 136.9358367919922, 137.8605499267578, 137.50267028808594, 137.75555419921875, 136.9613800048828, 135.97146606445312, 137.0614776611328, 134.42202758789062, 132.7646484375, 133.45623779296875, 132.91009521484375, 134.7633819580078, 135.01544189453125, 133.9770965576172], "env_name": "BeamRiderNoFrameskip-v4"}