{"avg_rewards": [1.13, 1.34, 1.34, 1.61, 2.32, 3.7, 4.4, 4.85, 4.75, 4.92, 4.35, 6.08, 8.15, 9.43, 11.4, 13.06, 13.54, 12.56, 12.93, 16.27, 22.24, 22.55, 18.15, 17.05, 14.32, 14.58, 14.29, 16.69, 19.49, 14.69, 16.3, 21.14, 13.84, 16.1, 18.1, 21.02, 16.48, 18.87, 16.86, 16.97, 12.96, 16.39, 14.27, 14.87, 16.91, 14.84, 11.64, 17.6, 16.26, 15.77, 12.68, 12.33, 16.32, 17.73, 17.19, 12.71, 17.15, 14.29, 17.2, 16.09, 15.72, 15.52, 16.02, 12.12, 17.86, 12.85, 13.03, 11.43, 11.87, 12.93, 12.28, 13.81, 12.13, 16.43, 11.7, 15.52, 16.58, 15.57, 13.26, 17.25, 11.72, 13.28, 13.2, 13.68, 13.12, 10.91, 13.66, 15.08, 20.81, 17.86, 16.06, 11.22, 13.96, 16.62, 13.8, 15.86, 12.05, 12.01, 14.33, 15.49, 17.62, 12.97, 18.36, 15.92, 15.61, 16.25, 13.39, 16.37, 15.25, 12.72, 16.44, 17.18, 14.03, 16.38, 13.73, 11.2, 14.89, 16.11, 15.45, 18.52, 18.17, 14.63, 30.55, 17.32, 16.7, 20.44, 14.43, 18.32, 13.85, 15.52, 33.97, 14.66, 15.6, 14.2, 13.46, 14.01, 17.39, 18.72, 15.27, 12.12, 14.96, 27.79, 13.54, 12.09, 18.1, 18.95, 13.88, 18.42, 20.58, 17.38, 18.19, 15.88, 11.91, 15.41, 12.69, 11.62, 15.95, 18.23, 18.41, 11.5, 10.15, 21.03, 10.11, 10.88, 13.9, 12.79, 16.41, 14.91, 16.98, 12.65, 14.4, 12.94, 19.33, 22.69, 13.39, 18.02, 10.3, 14.1, 10.69, 25.15, 17.2, 11.97, 12.39, 24.88, 20.05, 19.86, 13.59, 12.62, 16.33, 9.31, 16.28, 20.45, 17.89, 18.95, 15.83, 17.25, 20.36, 13.93, 14.77, 12.81], "avg_max_qs": [0.1153513640165329, 0.19902652502059937, 0.271516352891922, 0.34060078859329224, 0.476848840713501, 0.7117872834205627, 0.9592218399047852, 1.1776604652404785, 1.256456732749939, 1.3331845998764038, 1.3901618719100952, 1.4734888076782227, 1.5763760805130005, 1.7072861194610596, 1.8334351778030396, 1.9749542474746704, 2.070091724395752, 2.131288766860962, 2.2000908851623535, 2.2241036891937256, 2.331285238265991, 2.5025038719177246, 2.6109371185302734, 2.662071943283081, 2.7641007900238037, 2.7733325958251953, 2.8286895751953125, 2.8806099891662598, 2.946080207824707, 2.9380762577056885, 3.0653834342956543, 3.1042046546936035, 3.1873087882995605, 3.1512036323547363, 3.1728103160858154, 3.2774105072021484, 3.3396666049957275, 3.318136692047119, 3.483807325363159, 3.502485990524292, 3.536121368408203, 3.5808823108673096, 3.709554433822632, 3.7312657833099365, 3.8031914234161377, 3.8544533252716064, 3.8358569145202637, 3.9205987453460693, 3.899287700653076, 4.06933069229126, 4.050008296966553, 4.123463153839111, 4.086562156677246, 4.23660945892334, 4.295807838439941, 4.28889799118042, 4.284427165985107, 4.303720951080322, 4.43813419342041, 4.406935691833496, 4.412746429443359, 4.497161388397217, 4.5919718742370605, 4.621395587921143, 4.580214023590088, 4.602840423583984, 4.615241050720215, 4.528659820556641, 4.614007949829102, 4.653757572174072, 4.872939586639404, 4.820196628570557, 4.786820411682129, 4.719909191131592, 4.740974426269531, 4.858937740325928, 4.873062610626221, 4.912879467010498, 5.016903400421143, 4.9896345138549805, 4.961514949798584, 5.181495666503906, 5.189918041229248, 5.29386043548584, 5.331005573272705, 5.308836936950684, 5.265024662017822, 5.3898701667785645, 5.383810043334961, 5.47341251373291, 5.498967170715332, 5.634486198425293, 5.717866897583008, 5.84234619140625, 5.762817859649658, 5.7203145027160645, 5.564659595489502, 5.6880292892456055, 5.557793140411377, 5.529361248016357, 5.586389064788818, 5.59588623046875, 5.6564741134643555, 5.64633321762085, 5.595015048980713, 5.519680023193359, 5.580564022064209, 5.696619987487793, 5.760016441345215, 5.800350189208984, 5.846399784088135, 5.879798889160156, 5.680013179779053, 5.892394542694092, 5.878655433654785, 5.794338226318359, 5.7415080070495605, 5.632998943328857, 5.655894756317139, 5.6400041580200195, 5.677883148193359, 5.688859462738037, 5.674531936645508, 5.681820869445801, 5.8143768310546875, 5.792373180389404, 5.898299217224121, 5.7927680015563965, 5.798600673675537, 5.92266321182251, 5.974795341491699, 6.083395004272461, 6.232917308807373, 6.227197647094727, 6.377658367156982, 6.29154109954834, 6.3214826583862305, 6.185588359832764, 6.326847076416016, 6.378732681274414, 6.258316516876221, 6.490429878234863, 6.327949523925781, 5.9583563804626465, 5.83057975769043, 5.911123275756836, 6.101078033447266, 6.167235851287842, 6.140045166015625, 6.311923027038574, 6.451115131378174, 6.4714484214782715, 6.381729602813721, 6.391193866729736, 6.236204624176025, 6.393021583557129, 6.236208438873291, 6.379952430725098, 6.3888654708862305, 6.518568515777588, 6.539764881134033, 6.6364827156066895, 6.690768241882324, 6.784449100494385, 6.808050155639648, 6.819789409637451, 6.709233283996582, 6.750323295593262, 6.883646488189697, 6.698906421661377, 6.723552227020264, 6.607871055603027, 6.710680961608887, 6.776958465576172, 6.73938512802124, 6.682180881500244, 6.599855899810791, 6.560853004455566, 6.586006164550781, 6.5479865074157715, 6.521193027496338, 6.514648914337158, 6.36964225769043, 6.472774505615234, 6.647521495819092, 6.798508644104004, 6.921056747436523, 6.921545028686523, 7.198403835296631, 7.1659417152404785, 7.191153049468994, 7.1784348487854, 7.376494407653809, 7.477221965789795, 7.399571418762207, 7.493537425994873, 7.704000473022461, 7.68091344833374, 7.604177474975586, 7.541500091552734], "env_name": "BreakoutNoFrameskip-v4"}