{"avg_rewards": [0.0, 18.0, 0.0, 0.0, 0.0, 2.0, 0.0, 0.0, 0.0, 0.0, 0.2, 0.0, 0.0, 0.0, 0.0, 0.0, 5.6, 0.0, 0.2, 1.4, 2.8, 5.8, 93.8, 63.8, 0.2, 15.0, 28.8, 140.6, 150.8, 112.6, 189.75, 153.2, 174.2, 69.2, 181.75, 230.0, 247.66666666666666, 112.8, 207.75, 294.0, 35.6, 155.25, 131.2, 271.0, 57.2, 207.0, 93.8, 142.2, 106.8, 31.8, 118.4, 61.8, 128.8, 149.6, 195.0, 141.6, 112.0, 187.75, 2.4, 78.8, 87.0, 104.2, 113.25, 190.33333333333334, 194.5, 20.4, 171.5, 168.25, 227.66666666666666, 122.6, 144.5, 205.66666666666666, 118.4, 140.5, 159.4, 223.0, 185.4, 196.5, 141.8, 23.4, 180.5, 108.6, 207.33333333333334, 136.6, 127.4, 118.6, 98.4, 7.8, 105.0, 254.33333333333334, 244.75, 173.75, 104.2, 239.25, 134.4, 292.0, 262.0, 135.6, 206.5, 126.8, 205.0, 198.75, 174.5, 223.33333333333334, 141.5, 89.4, 209.25, 137.4, 246.66666666666666, 217.25, 124.4, 140.0, 153.8, 96.2, 248.66666666666666, 305.3333333333333, 120.4, 70.2, 158.2, 6.2, 143.0, 322.0, 246.66666666666666, 118.4, 161.5, 138.0, 5.0, 74.0, 230.33333333333334, 244.0, 175.66666666666666, 102.2, 252.0, 153.8, 313.0, 279.3333333333333, 150.8, 175.6, 140.0, 331.0, 229.75, 173.66666666666666, 44.8, 157.5, 261.6666666666667, 179.5, 279.0, 85.0, 200.5, 162.2, 224.5, 145.8, 156.2, 79.8, 227.25, 189.0, 180.0, 269.0, 86.75, 169.4, 163.75, 26.4, 116.75, 212.75, 319.5, 0.6, 14.8, 0.4, 199.0, 249.66666666666666, 121.8, 195.33333333333334, 112.0, 317.0, 57.0, 186.5, 130.4, 152.4, 109.2, 79.0, 121.2, 57.4, 227.5, 66.0, 157.75, 301.0, 202.5, 204.25, 185.0, 215.33333333333334, 227.5, 158.0, 74.4, 164.75, 194.0, 154.8, 142.6, 256.0, 169.0, 221.0], "avg_max_qs": [0.049663107842206955, 0.05266491696238518, 0.05236409232020378, 0.05114332213997841, 0.049962207674980164, 0.04907883703708649, 0.04887193441390991, 0.04921700805425644, 0.04852182790637016, 0.047798462212085724, 0.048638127744197845, 0.048825182020664215, 0.04894617944955826, 0.0520356111228466, 0.053025662899017334, 0.05919157713651657, 0.07735632359981537, 0.10254135727882385, 0.14692775905132294, 0.19538173079490662, 0.2532448470592499, 0.31541940569877625, 0.37448903918266296, 0.4343874752521515, 0.4858735501766205, 0.5567705035209656, 0.6542150378227234, 0.6995355486869812, 0.7709161639213562, 0.8881193399429321, 1.031556487083435, 1.281076192855835, 1.551596999168396, 1.7989935874938965, 2.0806424617767334, 2.4129748344421387, 2.611879587173462, 2.8479533195495605, 2.856361150741577, 3.001523017883301, 3.3488333225250244, 3.569847345352173, 3.6568520069122314, 4.132473945617676, 4.366569995880127, 4.739091873168945, 5.091922283172607, 5.308540344238281, 5.514729022979736, 5.507637977600098, 5.65958833694458, 5.734829425811768, 5.845538139343262, 6.185776233673096, 6.315842151641846, 6.513808250427246, 6.734658241271973, 6.778529644012451, 6.640774726867676, 6.535185813903809, 6.6388654708862305, 6.968967437744141, 6.88247013092041, 7.065944194793701, 6.901641368865967, 6.967817306518555, 7.102336406707764, 7.40718412399292, 7.506593704223633, 7.677371501922607, 7.736261367797852, 7.892720699310303, 7.9794921875, 8.096269607543945, 8.21212100982666, 8.411855697631836, 8.410857200622559, 8.411368370056152, 8.796823501586914, 8.783866882324219, 8.829832077026367, 9.00991153717041, 9.04151439666748, 9.122476577758789, 9.004952430725098, 9.004227638244629, 9.036680221557617, 9.000732421875, 9.064892768859863, 9.205286979675293, 9.364654541015625, 9.696477890014648, 10.053604125976562, 10.128908157348633, 9.938244819641113, 10.332111358642578, 10.381625175476074, 10.274893760681152, 10.224721908569336, 10.359270095825195, 10.462782859802246, 10.531200408935547, 10.520697593688965, 10.660778045654297, 10.658135414123535, 10.556092262268066, 10.745027542114258, 10.600564956665039, 10.609310150146484, 10.71911334991455, 10.742602348327637, 10.842201232910156, 10.990974426269531, 11.04774284362793, 11.02657699584961, 10.99309253692627, 10.831622123718262, 10.946950912475586, 10.702720642089844, 10.493127822875977, 10.149785995483398, 10.010242462158203, 9.929503440856934, 9.996766090393066, 9.896501541137695, 9.970626831054688, 10.054003715515137, 10.09172534942627, 10.112053871154785, 10.294265747070312, 10.52220344543457, 10.597533226013184, 10.655675888061523, 10.9010009765625, 10.654609680175781, 10.592065811157227, 10.895910263061523, 10.929606437683105, 10.891410827636719, 10.957615852355957, 11.078886985778809, 11.166897773742676, 11.128897666931152, 11.135400772094727, 11.352783203125, 11.30332088470459, 11.563255310058594, 11.66600227355957, 11.411317825317383, 11.43242073059082, 11.617266654968262, 11.548338890075684, 11.40180778503418, 11.199590682983398, 11.09012508392334, 11.194286346435547, 11.246709823608398, 11.261731147766113, 11.198753356933594, 11.254087448120117, 11.395472526550293, 11.456299781799316, 11.723394393920898, 11.826152801513672, 11.930486679077148, 12.196433067321777, 12.020750045776367, 11.953213691711426, 11.886441230773926, 11.743630409240723, 11.949440956115723, 12.02631664276123, 11.905619621276855, 11.889437675476074, 11.721792221069336, 11.662460327148438, 11.640734672546387, 11.353534698486328, 11.071041107177734, 11.107195854187012, 11.20268440246582, 11.080836296081543, 11.056418418884277, 11.064506530761719, 11.259228706359863, 11.336613655090332, 11.303784370422363, 11.305728912353516, 11.734747886657715, 11.69287109375, 11.559772491455078, 11.452231407165527, 11.78856372833252, 11.89394474029541, 12.084531784057617, 12.199348449707031, 12.258871078491211, 12.5193452835083, 12.672837257385254, 12.755982398986816], "env_name": "EnduroNoFrameskip-v4"}